pk,image_url,product_id
1,https://i.imgur.com/SOjQvEn.png,1
2,https://i.imgur.com/MaGbmiI.png,2
3,https://i.imgur.com/CcWR1j6.png,3
4,https://i.imgur.com/cWtF5Bl.png,4
5,https://i.imgur.com/rvNtH3z.png,5
6,https://i.imgur.com/uATCIcO.png,6
7,https://i.imgur.com/fdz6vnX.png,7
8,https://i.imgur.com/RpBsq5A.png,8
9,https://i.imgur.com/59aKmfr.png,9
10,https://i.imgur.com/MqDYX1u.png,10
11,https://i.imgur.com/tMFDMew.png,11
12,https://i.imgur.com/9z6OXQ2.png,12
13,https://i.imgur.com/rpn588b.png,13
14,https://i.imgur.com/rvNtH3z.png,14
15,https://i.imgur.com/shP6tRD.png,15
16,https://i.imgur.com/nqNfIyv.png,16
17,https://i.imgur.com/F7H9aOC.png,17
18,https://i.imgur.com/WNGH7KP.png,18
19,https://i.imgur.com/1dmSXra.png,19
20,https://i.imgur.com/RpBsq5A.png,20
21,https://i.imgur.com/ZoTYqDz.png,21
22,https://i.imgur.com/nNRXkRu.png,22
23,https://i.imgur.com/tMFDMew.png,23
24,https://i.imgur.com/Ax90xWa.png,24
25,https://i.imgur.com/xfbySIi.png,25
26,https://i.imgur.com/5eogZ0w.png,26
27,https://i.imgur.com/nqNfIyv.png,27
28,https://i.imgur.com/aPjvyJ5.png,28
29,https://i.imgur.com/WNGH7KP.png,29
30,https://i.imgur.com/mEaQzht.png,30
31,https://i.imgur.com/shP6tRD.png,31
32,https://i.imgur.com/rKB59H8.png,32
33,https://i.imgur.com/APq5Me0.png,33
34,https://i.imgur.com/fdz6vnX.png,34
35,https://i.imgur.com/teeSg1O.png,35
36,https://i.imgur.com/uATCIcO.png,36
37,https://i.imgur.com/rTnlUE6.png,37
38,https://i.imgur.com/rCkQB6u.png,38
39,https://i.imgur.com/1OlS20i.png,39
40,https://i.imgur.com/MPSVUG4.png,40
41,https://i.imgur.com/eGPOwGG.png,41
42,https://i.imgur.com/SOjQvEn.png,42
43,https://i.imgur.com/Ax90xWa.png,43
44,https://i.imgur.com/jNJt1bM.png,44
45,https://i.imgur.com/5eogZ0w.png,45
46,https://i.imgur.com/z9f1TRI.png,46
47,https://i.imgur.com/j3P6tc1.png,47
48,https://i.imgur.com/bHkDJu0.png,48
49,https://i.imgur.com/bHkDJu0.png,49
50,https://i.imgur.com/GmL8lAv.png,50
51,https://i.imgur.com/rvNtH3z.png,51
52,https://i.imgur.com/CiTpgmV.png,52
53,https://i.imgur.com/ApsTl4V.png,53
54,https://i.imgur.com/teeSg1O.png,54
55,https://i.imgur.com/Ax90xWa.png,55
56,https://i.imgur.com/ApsTl4V.png,56
57,https://i.imgur.com/gHeiucR.png,57
58,https://i.imgur.com/U1oNsBk.png,58
59,https://i.imgur.com/cWtF5Bl.png,59
60,https://i.imgur.com/aPjvyJ5.png,60
61,https://i.imgur.com/5eogZ0w.png,61
62,https://i.imgur.com/KMzle1W.png,62
63,https://i.imgur.com/tMFDMew.png,63
64,https://i.imgur.com/59aKmfr.png,64
65,https://i.imgur.com/MqDYX1u.png,65
66,https://i.imgur.com/rvNtH3z.png,66
67,https://i.imgur.com/59aKmfr.png,67
68,https://i.imgur.com/l84zObE.png,68
69,https://i.imgur.com/rKB59H8.png,69
70,https://i.imgur.com/rCkQB6u.png,70
71,https://i.imgur.com/Ax90xWa.png,71
72,https://i.imgur.com/XoSY5ur.png,72
73,https://i.imgur.com/CiTpgmV.png,73
74,https://i.imgur.com/4V4tEsS.png,74
75,https://i.imgur.com/cWtF5Bl.png,75
76,https://i.imgur.com/rCkQB6u.png,76
77,https://i.imgur.com/rvNtH3z.png,77
78,https://i.imgur.com/U1oNsBk.png,78
79,https://i.imgur.com/5yNMPmC.png,79
80,https://i.imgur.com/WNGH7KP.png,80
81,https://i.imgur.com/CJmrXck.png,81
82,https://i.imgur.com/fdz6vnX.png,82
83,https://i.imgur.com/59aKmfr.png,83
84,https://i.imgur.com/l84zObE.png,84
85,https://i.imgur.com/teeSg1O.png,85
86,https://i.imgur.com/c1tXGlA.png,86
87,https://i.imgur.com/rCkQB6u.png,87
88,https://i.imgur.com/F4zkCKR.png,88
89,https://i.imgur.com/zDx0od0.png,89
90,https://i.imgur.com/JFEKh7K.png,90
91,https://i.imgur.com/1vHAhxY.png,91
92,https://i.imgur.com/tMFDMew.png,92
93,https://i.imgur.com/rTnlUE6.png,93
94,https://i.imgur.com/xfbySIi.png,94
95,https://i.imgur.com/RpBsq5A.png,95
96,https://i.imgur.com/rCkQB6u.png,96
97,https://i.imgur.com/cWtF5Bl.png,97
98,https://i.imgur.com/j3P6tc1.png,98
99,https://i.imgur.com/WNGH7KP.png,99
100,https://i.imgur.com/SOjQvEn.png,100
101,https://i.imgur.com/ApsTl4V.png,101
102,https://i.imgur.com/F4zkCKR.png,102
103,https://i.imgur.com/NaBTIlq.png,103
104,https://i.imgur.com/teeSg1O.png,104
105,https://i.imgur.com/SOjQvEn.png,105
106,https://i.imgur.com/rvNtH3z.png,106
107,https://i.imgur.com/3OMYLM7.png,107
108,https://i.imgur.com/nqNfIyv.png,108
109,https://i.imgur.com/1vHAhxY.png,109
110,https://i.imgur.com/rvNtH3z.png,110
111,https://i.imgur.com/rvNtH3z.png,111
112,https://i.imgur.com/z9f1TRI.png,112
113,https://i.imgur.com/ZoTYqDz.png,113
114,https://i.imgur.com/2vn8ui0.png,114
115,https://i.imgur.com/rCkQB6u.png,115
116,https://i.imgur.com/RpBsq5A.png,116
117,https://i.imgur.com/Ax90xWa.png,117
118,https://i.imgur.com/bHkDJu0.png,118
119,https://i.imgur.com/APq5Me0.png,119
120,https://i.imgur.com/4V4tEsS.png,120
121,https://i.imgur.com/zDx0od0.png,121
122,https://i.imgur.com/JFEKh7K.png,122
123,https://i.imgur.com/ZoTYqDz.png,123
124,https://i.imgur.com/TwAq2yA.png,124
125,https://i.imgur.com/tMFDMew.png,125
126,https://i.imgur.com/RpBsq5A.png,126
127,https://i.imgur.com/59aKmfr.png,127
128,https://i.imgur.com/ApsTl4V.png,128
129,https://i.imgur.com/JFEKh7K.png,129
130,https://i.imgur.com/20TWk6J.png,130
131,https://i.imgur.com/1OlS20i.png,131
132,https://i.imgur.com/pJjoM7i.png,132
133,https://i.imgur.com/xfbySIi.png,133
134,https://i.imgur.com/2vn8ui0.png,134
135,https://i.imgur.com/zRKQSK2.png,135
136,https://i.imgur.com/zRKQSK2.png,136
137,https://i.imgur.com/rTnlUE6.png,137
138,https://i.imgur.com/ckaiNd8.png,138
139,https://i.imgur.com/2vn8ui0.png,139
140,https://i.imgur.com/MPSVUG4.png,140
141,https://i.imgur.com/z9f1TRI.png,141
142,https://i.imgur.com/MPSVUG4.png,142
143,https://i.imgur.com/zDx0od0.png,143
144,https://i.imgur.com/20TWk6J.png,144
145,https://i.imgur.com/59aKmfr.png,145
146,https://i.imgur.com/CJmrXck.png,146
147,https://i.imgur.com/ApsTl4V.png,147
148,https://i.imgur.com/aPjvyJ5.png,148
149,https://i.imgur.com/eGPOwGG.png,149
150,https://i.imgur.com/teeSg1O.png,150
151,https://i.imgur.com/cWtF5Bl.png,151
152,https://i.imgur.com/1dmSXra.png,152
153,https://i.imgur.com/shP6tRD.png,153
154,https://i.imgur.com/MaGbmiI.png,154
155,https://i.imgur.com/l84zObE.png,155
156,https://i.imgur.com/9z6OXQ2.png,156
157,https://i.imgur.com/ApsTl4V.png,157
158,https://i.imgur.com/mEaQzht.png,158
159,https://i.imgur.com/eFtb6kQ.png,159
160,https://i.imgur.com/Ax90xWa.png,160
161,https://i.imgur.com/JFEKh7K.png,161
162,https://i.imgur.com/aPjvyJ5.png,162
163,https://i.imgur.com/ckaiNd8.png,163
164,https://i.imgur.com/MqDYX1u.png,164
165,https://i.imgur.com/4V4tEsS.png,165
166,https://i.imgur.com/1vHAhxY.png,166
167,https://i.imgur.com/zDx0od0.png,167
168,https://i.imgur.com/cWtF5Bl.png,168
169,https://i.imgur.com/S0JopWv.png,169
170,https://i.imgur.com/4V4tEsS.png,170
171,https://i.imgur.com/MaGbmiI.png,171
172,https://i.imgur.com/APq5Me0.png,172
173,https://i.imgur.com/eFtb6kQ.png,173
174,https://i.imgur.com/2vn8ui0.png,174
175,https://i.imgur.com/tMFDMew.png,175
176,https://i.imgur.com/WNGH7KP.png,176
177,https://i.imgur.com/9z6OXQ2.png,177
178,https://i.imgur.com/ApsTl4V.png,178
179,https://i.imgur.com/ZoTYqDz.png,179
180,https://i.imgur.com/qNKabNR.png,180
181,https://i.imgur.com/j3P6tc1.png,181
182,https://i.imgur.com/XoSY5ur.png,182
183,https://i.imgur.com/cWtF5Bl.png,183
184,https://i.imgur.com/zRKQSK2.png,184
185,https://i.imgur.com/IAKUtJ7.png,185
186,https://i.imgur.com/rCkQB6u.png,186
187,https://i.imgur.com/hkvGCFt.png,187
188,https://i.imgur.com/z9f1TRI.png,188
189,https://i.imgur.com/JFEKh7K.png,189
190,https://i.imgur.com/CcWR1j6.png,190
191,https://i.imgur.com/z9f1TRI.png,191
192,https://i.imgur.com/ApsTl4V.png,192
193,https://i.imgur.com/z9f1TRI.png,193
194,https://i.imgur.com/j3P6tc1.png,194
195,https://i.imgur.com/rpn588b.png,195
196,https://i.imgur.com/MPSVUG4.png,196
197,https://i.imgur.com/Pgud9D6.png,197
198,https://i.imgur.com/59aKmfr.png,198
199,https://i.imgur.com/JFEKh7K.png,199
200,https://i.imgur.com/P8iDA84.png,200
201,https://i.imgur.com/zRKQSK2.png,201
202,https://i.imgur.com/1OlS20i.png,202
203,https://i.imgur.com/rTnlUE6.png,203
204,https://i.imgur.com/CcWR1j6.png,204
205,https://i.imgur.com/teeSg1O.png,205
206,https://i.imgur.com/tMFDMew.png,206
207,https://i.imgur.com/XJ3DkFl.png,207
208,https://i.imgur.com/XqCqLtP.png,208
209,https://i.imgur.com/tMFDMew.png,209
210,https://i.imgur.com/RpBsq5A.png,210
211,https://i.imgur.com/cWtF5Bl.png,211
212,https://i.imgur.com/MPSVUG4.png,212
213,https://i.imgur.com/9z6OXQ2.png,213
214,https://i.imgur.com/4lbQdwL.png,214
215,https://i.imgur.com/rTnlUE6.png,215
216,https://i.imgur.com/xfbySIi.png,216
217,https://i.imgur.com/Ax90xWa.png,217
218,https://i.imgur.com/trkuQkh.png,218
219,https://i.imgur.com/GmL8lAv.png,219
220,https://i.imgur.com/KqiDb01.png,220
221,https://i.imgur.com/U1oNsBk.png,221
222,https://i.imgur.com/1dmSXra.png,222
223,https://i.imgur.com/2vn8ui0.png,223
224,https://i.imgur.com/4lbQdwL.png,224
225,https://i.imgur.com/rTnlUE6.png,225
226,https://i.imgur.com/1dmSXra.png,226
227,https://i.imgur.com/z9f1TRI.png,227
228,https://i.imgur.com/mEaQzht.png,228
229,https://i.imgur.com/KMzle1W.png,229
230,https://i.imgur.com/l84zObE.png,230
231,https://i.imgur.com/aPjvyJ5.png,231
232,https://i.imgur.com/XoSY5ur.png,232
233,https://i.imgur.com/TwAq2yA.png,233
234,https://i.imgur.com/F7H9aOC.png,234
235,https://i.imgur.com/nNRXkRu.png,235
236,https://i.imgur.com/qNKabNR.png,236
237,https://i.imgur.com/c1tXGlA.png,237
238,https://i.imgur.com/sXanfJR.png,238
239,https://i.imgur.com/F7H9aOC.png,239
240,https://i.imgur.com/RpBsq5A.png,240
241,https://i.imgur.com/CJmrXck.png,241
242,https://i.imgur.com/F7H9aOC.png,242
243,https://i.imgur.com/CcWR1j6.png,243
244,https://i.imgur.com/9z6OXQ2.png,244
245,https://i.imgur.com/3OMYLM7.png,245
246,https://i.imgur.com/3OMYLM7.png,246
247,https://i.imgur.com/eFtb6kQ.png,247
248,https://i.imgur.com/teeSg1O.png,248
249,https://i.imgur.com/APq5Me0.png,249
250,https://i.imgur.com/JFEKh7K.png,250
251,https://i.imgur.com/GmL8lAv.png,251
252,https://i.imgur.com/c1tXGlA.png,252
253,https://i.imgur.com/WNGH7KP.png,253
254,https://i.imgur.com/aPjvyJ5.png,254
255,https://i.imgur.com/rCkQB6u.png,255
256,https://i.imgur.com/MqDYX1u.png,256
257,https://i.imgur.com/Ax90xWa.png,257
258,https://i.imgur.com/CiTpgmV.png,258
259,https://i.imgur.com/3OMYLM7.png,259
260,https://i.imgur.com/1vHAhxY.png,260
261,https://i.imgur.com/zRKQSK2.png,261
262,https://i.imgur.com/c1tXGlA.png,262
263,https://i.imgur.com/ckaiNd8.png,263
264,https://i.imgur.com/RpBsq5A.png,264
265,https://i.imgur.com/uATCIcO.png,265
266,https://i.imgur.com/5yNMPmC.png,266
267,https://i.imgur.com/ckaiNd8.png,267
268,https://i.imgur.com/F4zkCKR.png,268
269,https://i.imgur.com/2vn8ui0.png,269
270,https://i.imgur.com/ApsTl4V.png,270
271,https://i.imgur.com/eGPOwGG.png,271
272,https://i.imgur.com/ApsTl4V.png,272
273,https://i.imgur.com/MqDYX1u.png,273
274,https://i.imgur.com/ApsTl4V.png,274
275,https://i.imgur.com/ckaiNd8.png,275
276,https://i.imgur.com/1dmSXra.png,276
277,https://i.imgur.com/5eogZ0w.png,277
278,https://i.imgur.com/4V4tEsS.png,278
279,https://i.imgur.com/1OlS20i.png,279
280,https://i.imgur.com/shP6tRD.png,280
281,https://i.imgur.com/20TWk6J.png,281
282,https://i.imgur.com/l84zObE.png,282
283,https://i.imgur.com/zRKQSK2.png,283
284,https://i.imgur.com/2vn8ui0.png,284
285,https://i.imgur.com/5yNMPmC.png,285
286,https://i.imgur.com/SOjQvEn.png,286
287,https://i.imgur.com/1OlS20i.png,287
288,https://i.imgur.com/fdz6vnX.png,288
289,https://i.imgur.com/z9f1TRI.png,289
290,https://i.imgur.com/nomocUO.png,290
291,https://i.imgur.com/fdz6vnX.png,291
292,https://i.imgur.com/eFtb6kQ.png,292
293,https://i.imgur.com/eGPOwGG.png,293
294,https://i.imgur.com/CcWR1j6.png,294
295,https://i.imgur.com/TwAq2yA.png,295
296,https://i.imgur.com/rvNtH3z.png,296
297,https://i.imgur.com/xfbySIi.png,297
298,https://i.imgur.com/uATCIcO.png,298
299,https://i.imgur.com/WNGH7KP.png,299
300,https://i.imgur.com/zRKQSK2.png,300
